"id","name","description","manufacturer","price"
"http://www.google.com/base/feeds/snippets/11448761432933644608","spanish vocabulary builder","expand your vocabulary! contains fun lessons that both teach and entertain you'll quickly find yourself mastering new terms. includes games and more!",,6.95
"http://www.google.com/base/feeds/snippets/8175198959985911471","topics presents: museums of world","5 cd-rom set. step behind the velvet rope to examine some of the most treasured collections of antiquities art and inventions. includes the following the louvre - virtual visit 25 rooms in full screen interactive video detailed map of the louvre ...",,12.9
"http://www.google.com/base/feeds/snippets/18445827127704822533","sierrahome hse hallmark card studio special edition win 98 me 2000 xp","hallmark card studio special edition (win 98 me 2000 xp)","sierrahome",19.26
"http://www.google.com/base/feeds/snippets/18274317756231697680","adobe cs3 production premium academic","system requirements multicore intel processor (adobe photoshop® extended illustrator® flash® professional and after effects® professional are universal binary and also work on a powerpc® g4 or g5 processor; adobe onlocation? is a windows ...",,569.99
"http://www.google.com/base/feeds/snippets/18409551702230917208","equisys premium support zetafax 2007 - technical support - 1 year","equisys premium support - zetafax 2007 upgrade license - 10 users - technical support - phone consulting - 1 year - 2 h",,286.2
"http://www.google.com/base/feeds/snippets/5067138423923723304","quicken(r) quickbooks(r) microsoft money(r) and simply money(r) laser checks","compatible with your laser or inkjet printer!guaranteed smooth processing through your laser or inkjet printer. designed to withstand high heat without curling. available in blue green tan or maroon.compatible with all versions of quicken and ...",,106.29
"http://www.google.com/base/feeds/snippets/18400846626733696167","sea scene: living underwater worlds","bring the serenity of the ocean to yourpc!product informationenjoy the beauty and serenity of a virtual aquarium so real you will thinkyou're underwater. the lifelike marine habitats and amazing 3d modeled fish willtake your breath away. it features ...",,19.55
"http://www.google.com/base/feeds/snippets/18396354299258717606","autodesk 34006-010008-160 raster design 2006 essentials","raster design 2006 essentials","autodesk",52.99
"http://www.google.com/base/feeds/snippets/4178014773187756948","apple garageband jam pack: symphony orchestra","system requirements requires garageband (installed with ilife '04 or '05)* logic express 7 or logic pro 7. soundtrack supports loops only in jam packs. macintosh computer with g3 600mhz processor or higher to use apple loops (g4 or g5 required for ...",,95.99
"http://www.google.com/base/feeds/snippets/1695089910833084773","my first bible stories (jc)","brings seven of the best-loved stories from the bible to life",,9.9
"http://www.google.com/base/feeds/snippets/18422892267475594445","apple apple mac os x server 10 4 7 10 client","full version package type: retail for 10 client/s 1 server/s cd-rom dvd-rom mpn: ma613za",,499
"http://www.google.com/base/feeds/snippets/18404168006486239466","adobe systems inc - 29180248 - adobe photoshop elements 5.0/premiere elements 3.0","adobe® photoshop® elements 5.0 plus adobe premiere® elements 3.0 software combines two powerful yet easy-to-use products to deliver the most complete photo and video editing solution. entertain friends with unique cinematic slide shows and",,139.51
"http://www.google.com/base/feeds/snippets/18413075895200367717","microsoft 392-02322 ae frontpage 2003","microsoft frontpage academicmodel- ms-cd34597wiaevendor- microsoft corporation** academic authorized version **features- microsoft frontpage 2003 frontpage 2003 provides the features flexibility and functionalityto help you build better web sites. ...",,87.99
"http://www.google.com/base/feeds/snippets/18388043392791017514","panda software govt entsec truprevent 10-25u 2yr - ub2pesapra-gov",,,44
"http://www.google.com/base/feeds/snippets/18395637668335924867","learn2 training for microsoft powerpoint (win 95 98 me nt 2000 xp)","over 8000000 sold! used by fortune 500 companies and top government agencies for training learn2 training for microsoft powerpoint will walk you through the process of learning the world's most popular presentation software for pcs. learn2 training ...",,9.99
"http://www.google.com/base/feeds/snippets/4949402291543451335","family tree maker 11 collector's edition","overview dedicated family research calls for serious genealogy software. this great collection delivers an unprecedented wealth of data plus all of the convenient tools you expect from family tree maker. travel back in time on a research journey ...",,34.9
"http://www.google.com/base/feeds/snippets/1883379429602083103","data protection security suite 2005","new 2005 version! stompsoft's data protection utility suite 2005 is the ultimate protection and safeguard for your data with 3 powerful software applications. includes backup mypc 2005 recoverlost data 2005 and privacy protector 2005. backup my pc ...",,59.9
"http://www.google.com/base/feeds/snippets/949436197920820923","pencil-pal big phonics","overview meet zachary zebra and the rest of the firehouse team! they can't wait to give you a tour of the exciting activities inside the fire station. discover five-alarm fun in an educational game where children practice vowel sounds blends ...",,17.9
"http://www.google.com/base/feeds/snippets/18391914133104937904","sos aggregation company - 100800104 - buku karkuro - topware interactive","this game of logic and strategy will enhance even the most seasoned mind. get into the puzzle craze! hours and hours of addictive kakuro puzzle. create and solve your own puzzles. make your own playing boards or choose various themes. easy to learn",,15.95
"http://www.google.com/base/feeds/snippets/18405135648098652581","fogware publishing - 10356 - high school us history 2 - foreign policy & reform","learn about foreign policy from 1788-1963 and explore the social reform movements of the unites states of america. features: interactive tutoring printable tests to monitor progress easy to use interface <b",,6.84
"http://www.google.com/base/feeds/snippets/5665024204886410","recover lost data","overview get recover lost data and get peace of mind! gives you the power to restore your lost files with an easy-to-use and intuitive graphical recovery wizard. runs directly from a cd or installs to to the hard drive. powerful recovery tools find ...",,29.9
"http://www.google.com/base/feeds/snippets/18386073325514862606","smart steps - 4th grade (jc)","the most complete learning system! super-fun activities: over 430 in all! core subjects: english math and science! motivating rewards ensure learning! put your child a step ahead! watch your child s grades take off with this comprehensi",,11.95
"http://www.google.com/base/feeds/snippets/18384280629938052082","kaplan sat/act/psat express","kaplan has helped more than 3 million students score higher on admission exams and get into the nation's top colleges and universities. our effective program of practice review and test-taking strategies has made higher score sat/act/psat the best",,9.99
"http://www.google.com/base/feeds/snippets/2263647849333008264","adobe fireworks cs3","system requirements powerpc g4 or g5 or intel core processor mac os x v10.4.8 512mb ram (1gb recommended) 1gb free hard-disk space (additional space required during installation) 1024 x 768 display resolution with 16-bit video card dvd-rom drive ...",,309.99
"http://www.google.com/base/feeds/snippets/18446496383812786183","cookn vegetarian","the diet choice for many world cultures for millennia vegetarian cuisine is widely recognized as innovative exciting and appetizing as well as healthy. with cookn vegetarian you have the benefit of healthy foods in half the time.",,19.99
"http://www.google.com/base/feeds/snippets/16821958940203637711","microsoft h32-00034 sps extrnlconnnonemplyengl&s c 805529073074","microsoft h32-00034 sps extrnlconnnonemplyengl&s c 805529073074",,55420.56
"http://www.google.com/base/feeds/snippets/17110430434010171078","trudys time & place house","in five fascinating activities students build early science skills and practice important scientific processes.",,9.9
"http://www.google.com/base/feeds/snippets/13617884144968307233","steinberg nuendo 3 - educational edition music production software","nuendo 3 professional media production system for mac and windows - educational edition nuendo 3 from steinberg is a multi-track recording/editing software package designed to serve the needs for everyone producing sound for film television video or ...",,999.99
"http://www.google.com/base/feeds/snippets/13663267904094932963","individual software business planmaker pro 2008 (pc)","key features: easy step-by-step process financial modeling tools fast accurate forecasts 100 sample plans...",,39.99
"http://www.google.com/base/feeds/snippets/18403352308945312678","microsoft d48-00369 word mac 10.0 eng gov't 659556873790","microsoft d48-00369 word mac 10.0 eng gov't 659556873790",,191.94
"http://www.google.com/base/feeds/snippets/18419564278412211145","dramatica pro 4 for pc","for pc media format cd dramatica pro acts as your creative-writing partner. helps you solve the plots & character problems that prevent good stories from being sold assists you from the initial idea all the way through to the completed narrative ...",,249.99
"http://www.google.com/base/feeds/snippets/10381298233088883938","xoom movie clone 3 gold","x-oom movie clone 3 gold allows you to save your dvd movie backups onto blank dvds/cds or computer hard disk while retaining the full quality of the original. copy complete dvds just your favourite scenes or remove extras you just don't want. with ...",,22.9
"http://www.google.com/base/feeds/snippets/18427202789383020961","emedia essential bass guitar dvd",,,16.95
"http://www.google.com/base/feeds/snippets/18398703861878507186","hewlett packard 213076-b26 secure path v4.0c win wkgp ed 1 lic/cd","secure path v4.0c win wkgp ed 1 lic/cd",,1888.39
"http://www.google.com/base/feeds/snippets/18445341039052694828","microsoft 394-00416 opens exch svr exconn l/sa qual","opens exch svr exconn l/sa qual",,22575.14
"http://www.google.com/base/feeds/snippets/17609701155190930707","ultra wincleaner 2002 utility suite","ultra wincleaner 2002 utility suite is a set of powerful utilities that automatically clean and optimize computer performance while simultaneously protecting personal files and data. these utilities fix pc slowdowns prevent data loss from system ...",,49.99
"http://www.google.com/base/feeds/snippets/17241136648106012286","steve kaufman homespun the art of guitar crosspicking","this bluegrass flatpicking style with its rolling complex sound has become an integral part of every hot bluegrass guitarist's arsenal. in this dvd steve kaufman teaches seven songs using this technique: back up and push ? blue ridge mountain blu",,22.13
"http://www.google.com/base/feeds/snippets/7651654029530591686","kids power fun for little ones","with kids power fun for little ones you'll give your child a great new way to stay entertained while learning all kinds of important skills. clifford musical memory games join clifford the big red dog and his pals on birdwell island for hours of ...",,15.9
"http://www.google.com/base/feeds/snippets/975032998818002648","form workshop 1200","overview the complete solution for all of your business and personal form needs. select from 1200 essential forms and letters customize the layout text and graphics or use the full suite of tools to create your own documents from scratch. a new ...",,12.9
"http://www.google.com/base/feeds/snippets/18443105453266961029","master server-upg",,,174.99
"http://www.google.com/base/feeds/snippets/7937630813831495909","apple aperture v 1.5 photo editing","what's in the box application content and tutorial dvds printed and electronic documentation minimum system requirements power mac g5 with 1.8ghz or faster powerpc g5; 17- or 20-inch imac g5 with 1.8ghz or faster powerpc g5; or 15- or 17-inch ...",,299.99
"http://www.google.com/base/feeds/snippets/18430621475529168165","adobe software 22070152 after effects 6.5 pbupgrd","adobe after effects pb 6.5 win upgrade.standard to pro v6.5 upgrademodel- adbcd36149wi vendor- adobe software features- after effects 6.5 pro for windows- upgrade version upgrade after effects standard to after effects pro 6.5. the essential tool ...",,507
"http://www.google.com/base/feeds/snippets/13304616444690819122","microspot interiors (ints3.6sb)","microspot interiors brand: microspot ltd. mpn: ints3.6sb variant name: microspot interiors",,95.95
"http://www.google.com/base/feeds/snippets/18383594456090582739","10000 drink recipe - snap","trying to find the perfect after dinner drink? not sure what you can mix with the liquor you already have? snap! 10000 drink recipes is the solution to all your beverage needs. from cocktails to bar drinks you can find practically any recipe with t",,8.95
"http://www.google.com/base/feeds/snippets/9205821354688722990","mastercook deluxe low carb edition","overview now eating low carb just got a whole lot easier! you're trying to control your weight and re-energize your body by watching your carbohydrate intake but you don't want to sacrifice taste. now you can eat great without the hassle! ...",,17.9
"http://www.google.com/base/feeds/snippets/18399719239824156071","vivendi-universal games inc - 72305 - world of warcraft 60 day prepaid","with the world of warcraft® pre-paid game card you can continue your epic quest for 60 days without a credit card. follow the instructions at www.worldofwarcraft.com/gamecard and be up and running in minutes. the world of warcraft game card is a",,27.99
"http://www.google.com/base/feeds/snippets/13029285540855383313","902453-007-e rumba unix-hp edition - upgrade license - 1 user - volume - level e ( 1000-1999","netmanage 902453-007-e : usually ships in 24 hours : : the rumba product family provides users secure access to mission-critical applications and data residing on virtually any host system from the latest windows desktops including windows xp and ...",,106.48
"http://www.google.com/base/feeds/snippets/12040558413629031991","ibm totalstorage ds4800 model 84 - hard drive array","cache 8 part ms win host kit",,60514.95
"http://www.google.com/base/feeds/snippets/12904825904608701558","the big mix","the big mix by allume systems for mac play it. mix it. rock it. unleash your talent. become the next superstar or the hottest dj. the big mix delivers the goods. this collection will let you rock the world or just listen to the music. so let the ...",,36.9
"http://www.google.com/base/feeds/snippets/18400264612493053038","diskeeper 2007 professional","diskeeper 2007 is a defrag solution like no other. maintain your computers at peak performance without facing defragmenting problems & extending the life of your system. using a brand new technology called invisitasking diskeeper 2007 can defrag ...",,46.95
"http://www.google.com/base/feeds/snippets/18423412970630780827","emedia eg04025 intermediate guitar method - complete package","learn to play lead guitar and more! everything you need to take your playing beyond basic chords/melodies. new techniques are demonstrated in over 175 lessons with full-motion video variable-speed. emedia's intermediate guitar method interactive/ ...","emedia",53.99
"http://www.google.com/base/feeds/snippets/18411875162562199123","topics entertainment 40248 instant immersion spanish audio book audio book","instant immersion spanish (audio book) (audio book)","topics entertainment",23.61
"http://www.google.com/base/feeds/snippets/18406653450238248367","listen for ipod - magnetic time (win 2000 xp)","listen for ipod allows you to listen to your emails and documents on your ipod using new natural voice technology. knowledge without effort!system requirements:intel pentium ii 350 mhz minimum 128 mb ram 150 mb available hard disk space ms windows ...",,39.99
"http://www.google.com/base/feeds/snippets/18395209041486825295","adobe 42050106 acrobat distiller svr v6-cd sun 100u","acrobat distiller svr v6-cd sun 100u 42050106 adobe","adobe",5399.99
"http://www.google.com/base/feeds/snippets/18398774476993389905","reel deal casino quest (win 95 98 me 2000 xp)","reel deal casino quest! brings the high-paced fast action of a los vegas casino right to your pc move your character through the bustling casino to explore every corner and every game. enter tournaments to achieve master status of each game and ...",,19.95
"http://www.google.com/base/feeds/snippets/18378775128309848631","macrovision corporation consumer s/w update 4.0 tier 3 rnwl 5k-9999 - up04003j",,,3159
"http://www.google.com/base/feeds/snippets/18421148872586071492","destineer inc 10328 scrabble mac 10.3.8 or later","play against one of eight challenging computer opponents or take on your friends and family in four different game modes. play the way you remember in classic mode race against the clock in blitz climb to the top in a tournament or set up a ...","destineer inc",28.16
"http://www.google.com/base/feeds/snippets/18403568462989725383","global marketing partners icopydvds2 ultra by digital wunders","full version dvd-rom",,79.9
"http://www.google.com/base/feeds/snippets/18422068306669698354","microsoft h22-00301 gov open sa project svr w9x nt","gov open sa project svr w9x nt",,1995.12
"http://www.google.com/base/feeds/snippets/18387170188665857199","knowledge adventure 20033 jumpstart reading with karaoke","along with val and favorite jumpstart friends children enjoy eight beginning reading activities helping them become enthusiastic and confident readers. jumpstart reading with karaoke is a new and effective way to help children develop important ...","knowledge adventure",19.99
"http://www.google.com/base/feeds/snippets/1696953343324325999","olympus pro studio capture software","calumet photographic-the photographers catalog: this software allows quick and easy processing of images shot with e-1 or e-300. the newly developed built-in raw data photofinishing engine greatly reduces the time needed to develop raw data. the ...",,149.99
"http://www.google.com/base/feeds/snippets/12543046747030237240","instant immersion language lab deluxe edition","overview peerless powerful and popularly priced the new and improved instant immersion language lab is the award-winning instructional software suite that talks your language! the user-friendly language immersion for home and travel that will ...",,14.9
"http://www.google.com/base/feeds/snippets/17622169804695671474","luther vandross yamaha luther vandross - greatest hits - smart pianosoft","this innovative software series enables your disklavier mark iii piano to perform with the world's most popular cds! using yamaha's pianosmart technology this companion diskette will magically empower your disklavier mark iii to accompany the ...",,18.5
"http://www.google.com/base/feeds/snippets/18436702590661313778","dragon naturally speaking (v9.0) preferred wireless edition - nuance - a109x-wn4","dragon naturallyspeaking preferred 9 gives small business users andpc enthusiasts the power to create documents reports e-mails andmore?all by speaking! fast easy and amazingly accurate it?s over three times faster than typing. just use your ...",,"161.82 gbp"
"http://www.google.com/base/feeds/snippets/12604725900103506627","elementary school success deluxe 2006","the new definition of achievement the leading-edge suite of software tools for the personal computer.providing all elementary students with a uniquely diverse fundamental course of study. elementary school success deluxe 2006 is the zenith of ...",,15.9
"http://www.google.com/base/feeds/snippets/17093503969530842757","thomas zink chuck mangione yamaha chuck mangione - feels so good - smart pianosoft","this innovative software series enables your disklavier mark iii piano to perform with the world's most popular cds! using yamaha's pianosmart technology this companion diskette will magically empower your disklavier mark iii to accompany the ...",,14.86
"http://www.google.com/base/feeds/snippets/18384366678790095384","freddi fish 2 - case of haunted schl hse","children - ages 3 to 8 everyone knows there's no such thing as ghosts... so who is haunting the schoolhouse taking the toys & practically scaring the scales off of all the guppies? good thing super-sleuths freddi fish & luther are on the case. ...",,7.5
"http://www.google.com/base/feeds/snippets/3435680088823178198","printshop 20 pro publisher","overview access powerful images and design tools. the print shop is your creative toolbox filled with an infinite number of projects you can personalize for every occasion. design memorable cards calendars newsletters and more using a variety of ...",,34.9
"http://www.google.com/base/feeds/snippets/18385266399097496621","iremember 2.0 - intriguing development","turn digital photos into memories with iremember. easily create stunning scrapbooks your family will treasure for a lifetime. use templates to create a page in minutes! drag and drop pictures from iphoto? crop resize and arrange them on your ...",,32.99
"http://www.google.com/base/feeds/snippets/15897742829993345210","adobe cs3 design premium academic","system requirements powerpc g4 or g5 or intel core processor mac os x v10.4.8 java runtime environment 1.5 1gb ram 6.3gb free hard-disk space (additional space required during installation) 1024 x 768 display resolution with 16-bit video card ...",,575.99
"http://www.google.com/base/feeds/snippets/8804538687114603592","clifford thinking","overview that's why when clifford tries to do what other dogs do things can get a little out of hand. sometimes he gets into trouble. sometimes he saves the day. most of the time he has a lot of fun. all of the time he's a good dog and true friend ...",,12.9
"http://www.google.com/base/feeds/snippets/18420491833696681736","got game entertainment - exclusive - 00050 - scratches: directors cut","scratches is an atmospheric mystery adventure game for the pc brimming with eerie twists and terrifying surprises. set in and around a solitary victorian mansion concealing a terrible secret a long since forgotten story from the past emerges to ...",,15.58
"http://www.google.com/base/feeds/snippets/5720091777255380975","instant home design 1 (jc)","2 cd-roms that make designing and remodeling your home fun easy and accurate. plan your project first before spending the money. includes: instant remodeling instant interior design instant dream home and instant deck pool & hot tub. the ...",,12.9
"http://www.google.com/base/feeds/snippets/18415890873747923115","gods: lands of infinity - spec",,,16.99
"http://www.google.com/base/feeds/snippets/18363672170449359273","kutoka interactive 61208 - mias math adventure (just in time) (win 95 98 me 2000 xp/mac 8.6-9.x (classic) x v10.1 or higher)","kutoka interactive 61208 : mia s math adventure proposes a captivating story including numerous educational activities all of which focus on developing math skills such as fractions geometry logic mental computation... key features four levels ...",,18.97
"http://www.google.com/base/feeds/snippets/18436194751131787997","pop up oxford spanish / english dict","the oxford spanish dictionary contains over 170000 words and phrases and 240000 trans-lations and describes spanish as it is used throughout the whole spanish-speaking world. an authoritative guide to contemporary spanish language and culture in a ...",,13.95
"http://www.google.com/base/feeds/snippets/3620383930983735395","musicalis universal guitar workshop","overview this musicalis reference program is the complete and indispensable tool for all levels of guitar players from beginner to expert. the guitar is a limitless instrument with countless harmonic possibilities and this program is a unique tool ...",,12.9
"http://www.google.com/base/feeds/snippets/4188176128903497851","topics presents:dinosaurs","the most engaging informative and imaginative journey back in time since the mesozoic era. from the albertosaurus to the velociraptor; the triassic period to the cretaceous these 4 cd-roms spirit you to the wondrous time when these ancient ...",,12.9
"http://www.google.com/base/feeds/snippets/13358892717573509768","rhf0211us red hat enterprise linux as premium support - red hat enterprise linux as for am","red hat rhf0211us : usually ships in 24 hours : : red hat's support services provide flexible and cost-effective coverage for your operating infrastructure.",,53937.1
"http://www.google.com/base/feeds/snippets/18404319188505755669","topics entertainment topics entertainment play electric guitar deluxe windows","full version cd-rom",,39.9
"http://www.google.com/base/feeds/snippets/11567429261409321598","lavasoft ad-aware plus edition","more powerful... ad-aware plus edition offers you all the power of the personal edition but has been enhanced with additional powerful features to protect your privacy. ad-watch the plus edition includes real-time protection through the ad-watch ...",,24.9
"http://www.google.com/base/feeds/snippets/18415416380788323186","retrospect 7.5 prof win upg only pz24a0075","retrospect 7.5 prof win upg only pz24a0075","emc",54.68
"http://www.google.com/base/feeds/snippets/18404187604346548446","buzby; breakin all the rules hermie and freinds- digital pr","join hermie and friends in an interactive adventure based on the hit video buzby the misbehaving bee. in five engaging activities children help lucy match flowers load the ferris wheel with the right type of bugs add scores in the bowling alley",,15.99
"http://www.google.com/base/feeds/snippets/12911813140487249020","aspyr the sims 2","system requirements: operating system: mac os x 10.3.8 or later cpu processor: powerpc g4/g5 cpu speed: 1.2ghz or faster memory: 256 mb or higher hard disk space: 3gb free disk space video card (ati): radeon 9000 or better video card (nvidia): ...",,45.99
"http://www.google.com/base/feeds/snippets/18268949289189904876","matchbox cross town heros","overview in matchbox cross town heroes young game players will take the wheel of popular matchbox vehicles like the fire crusher or rescue net police car in three extensive worlds. players can drive and explore amazing interactive environments to ...",,14.9
"http://www.google.com/base/feeds/snippets/7972469902462196789","adobe cs3 after effects upgrade","system requirements powerpc® g4 or g5 or multicore intel processor mac os x v.10.4.9 1gb of ram for dv; 2gb of ram for hdv and hd 500mb of available hard-disk space plus 2gb of space for optional content (additional free space required during ...",,306.99
"http://www.google.com/base/feeds/snippets/16849376178618728975","steve james homespun video blues/roots guitar - fingerpicking and slide from the delta to new orleans","steve james a favorite performer on the contemporary acoustic blues circuit details five pieces in different blues styles for the learning guitar student. he covers texas and delta-style fingerpicking a new orleans jazz-blues tune and bottleneck ...",,22.13
"http://www.google.com/base/feeds/snippets/18417354130985846422","autocad 2007 coursewarecustomizing the interface","autocad 2007 coursewarecustomizing the interface",,39.69
"http://www.google.com/base/feeds/snippets/18383108968754488314","encore inc 28453 midway arcade treasures win 98 me 2000 xp","midway arcade treasures (win 98 me 2000 xp)","encore inc",19.38
"http://www.google.com/base/feeds/snippets/18406460610458325212","iris card pro","with the iriscard pro you can easily scan your business cards into ms outlook ms outlook express address book and palm desktop in 600 dpi color or grayscale. release date: 04/01/2006","navarre distribution services",198.87
"http://www.google.com/base/feeds/snippets/18434616791723899127","omnioutliner professional 3.0 for mac","for mac media format cd set up a hierarchy of main headings and subpoints that can be expanded & collapsed kick start your creativity thoughts and organize a collection of ideas into a cohesive plan 1.0 cd's in set",,69.99
"http://www.google.com/base/feeds/snippets/16361312648941715869","custom land designer 3d 7.0","overview everything you need to easily create a beautiful landscape and garden. get great ideas from 84 professionally designed gardens and landscapes. experiment with 1400 structures and objects including fencing arbors benches statuary bird ...",,12.9
"http://www.google.com/base/feeds/snippets/17039169322199524210","laurence juber homespun video adventures in fingerstyle guitar - video one","this challenging 70 min. session will propel your playing to new heights and open your ears to a myriad of possibilities for solo guitar. juber has played guitar for paul mccartney's wings as well as for tv and film soundtracks.",,22.13
"http://www.google.com/base/feeds/snippets/18389772286278704810","scansoft textbridge pro v.11","textbridge pro 11 is the simple and fast way to convert paper into editable electronic documents saving time and increasing productivity. new ocr engines are designed to deliver the most accurate textbridge results ever.",,68.99
"http://www.google.com/base/feeds/snippets/18431066094306345892","epson s041886 epson - epson storyteller photo book creator - w/ 8in x 10in book with 20 pages - complete package - 1 user - std - win","epson - epson storyteller photo book creator - w/ 8in x 10in book with 20 pages - complete package - 1 user - std - win storyteller 8 x 10 20 pages overview today's families have shelves and walls full of framed prints shoe boxes overflowing with ...",,23.61
"http://www.google.com/base/feeds/snippets/18446612824766852081","hidden expedition: titanic","immerse yourself in an epic expedition. as part of the hidden expedition adventure league it is your job to explore the wreckage of the once majestic ship & collect antique artifacts for the titanic museum. collect treasures for the titanic museum. ...",,15.5
"http://www.google.com/base/feeds/snippets/18405745276041721942","britannica deluxe 2008","designed for adults & students alike encyclopaedia britannica deluxe is a comprehensive reference resource that gives you up-to-date in-depth & easy-to-use information. learn from nobel laureates historians & noted experts in one fun & single ...",,26.5
"http://www.google.com/base/feeds/snippets/18392335669009428265","backup exec 10d win adv disk v10.1 e/f/g/s/i/j/c/k full pk","backup exec 10dwindows advanced disk backup optionv10.1 e/f/g/s/i/j/c/kfull package product",,309.99
"http://www.google.com/base/feeds/snippets/7039940734695244235","boost xp","boostxp by allume - maximum pc performance! now anyone can keep their computer in peak condition! boost performance protect your pc clean-up clutter customize your pc. key benefits boost performance the most thorough way to tune-up your pc. improve ...",,15.9
"http://www.google.com/base/feeds/snippets/10993073455692001778","topics entertainment reference success deluxe 2006","11 resources on 8 cd-roms. the new definition of achievement introducing reference success deluxe 2006 the leading-edge suite of software tools for the personal computer. ideal for individual students or entire families at all comprehension levels ...",,22.9
"http://www.google.com/base/feeds/snippets/17787032142812456248","intego inc internet security barrier x4 antispam edition","includes: netbarrier keep your mac safe from hackers and vandals! powerful easy-to-use and fully customizable netbarrier x4 gives you total protection from hackers and vandals. whether you are a home user or an experienced network admi",,71.75
"http://www.google.com/base/feeds/snippets/18391095906680955632","home bartending - 101 shooters","platform: windows & macintosh publisher: arc media packaging: jewel case make sure you've got the right moves for your party. 101 shooters includes cocktails snacks and party ideas to make your next event a success. what liquor goes in which type of ...",,9.75
"http://www.google.com/base/feeds/snippets/2954833753751672874","punch software 14100 punch! professional home design suite for windows","12 powerful programs in one gives you total control over every phase of your home design project including electrical and mechanical systems! punch! professional home design suite is the home design software package that lets you design all of the ...","punch software",62.99
"http://www.google.com/base/feeds/snippets/18406000514365649458","encore 28008 cold zero","after unknowingly double-crossing a mob boss you are forced to turn to a life of crime and carry out illegal missions or risk death at the hands of this underworld villain. description: after unknowingly double-crossing a mob boss you are forced ...","encore",21.99
"http://www.google.com/base/feeds/snippets/10242265157235189091","abacus software 5562 chopper havoc for pc","while the fast and sexy planes such as the f-14 and b-2 bomber get the glory it's the helicopters that are right in the thick of things hovering above the danger. while the fast and sexy planes such as the f-14 and b-2 bomber get the glory it's ...","abacus software",28.99
"http://www.google.com/base/feeds/snippets/18190434268931466210","encore inc registry mechanic","how smooth does your computer run? registry mechanic will safely scan clean repair and optimize the windows registry with a few simple mouse clicks. system requirements: windows® 98se/me/2000 sp4/xp (home and pro) sp1³ p",,25.49
"http://www.google.com/base/feeds/snippets/1417708435719198149","x-oom internet movies 2","video clips trailers or even entire movies the internet has become an amazing inexhaustible source for any film fan. now thanks to x-oom internet movies 2 you can create regular dvds and video cds from your growing collection of divx xvid real ...",,22.9
"http://www.google.com/base/feeds/snippets/9997282084409978802","dr. seuss reading learning system 2008 encore","key features: develop reading skills dr. seuss classic books ...",,19.95
"http://www.google.com/base/feeds/snippets/13893790598310451613","csa-b100-srvr-k9 cisco security server agent - license - 100 agents - win solaris","cisco systems csa-b100-srvr-k9 : usually ships in 24 hours : in stock : the next-generation cisco security agent network security software provides threat protection for server and desktop computing systems also known as endpoints.",,64566.91
"http://www.google.com/base/feeds/snippets/13464833788774660263","01-ssc-6993 sonicwall client/server anti-virus suite - subscription license ( 3 years ) - 50","sonicwall 01-ssc-6993 : usually ships in 24 hours : : sonicwall client/server anti-virus suite leverages the award-winning mcafee netshield and groupshield applications for networks with windows -based file print and exchange servers.",,3992.98
"http://www.google.com/base/feeds/snippets/7997047825469627962","punch software 85100 - punch!master landscape pro v10 and home design","punch software 85100 : the new! master landscape pro and home design v10 includes a more robust interface for editing specifying precise dimensions displaying options and more. new enhancements for pool design gps sun angles and content updater ...",,59.97
"http://www.google.com/base/feeds/snippets/18416093365515680633","eagle games egl 150 tournament poker - no limit texas hold'em","no other texas hold'em poker software lets you practice your tournament skills and experience what the pro's do as well as manage your local poker night no-limit holdem tournaments no other texas hold'em poker software lets you practice your ...","eagle games",7.95
"http://www.google.com/base/feeds/snippets/18369640987371255757","ringtone media studio 2.0 (bil",,,14.99
"http://www.google.com/base/feeds/snippets/18428750969726461849","singing coach unlimited - electronic learning products","learn to sing with the help of a patented real-time pitch recognition technology. twenty lesson tutorial. see your voice on screen. microphone headset included. compose mode. imports midi's. requirements: pentium ii 400 mhz 128 mb memory video ...",,82.5
"http://www.google.com/base/feeds/snippets/18354453970523580051","sunburst technology t03660 - sunburst learn about life science: plants - lab pack - complete product - educational - 10 user - complete product - standard - pc mac","sunburst technology t03660 : students explore the world of plants! from small seeds to tall trees students learn about what plants are what their parts are called and what conditions they need to grow! three extension activities include simple ...",,114.97
"http://www.google.com/base/feeds/snippets/18393898679155461769","equilibrium debabelizer pro 6 0 win 1 u windows xp","full version standard license package type: retail for 1 user/s cd-rom mpn: 112100602",,382.9
"http://www.google.com/base/feeds/snippets/15918748426604243470","kids power fun for kids","disney/pixar's a bug's life action game it's a swarm of furious fun based on the hit film disney/pixar's a bug's life. you'll enjoy hours of exciting gameplay as you assume the identity of our animated hero flik recruiting a brave bug band of ...",,15.9
"http://www.google.com/base/feeds/snippets/16761212087603297257","tomo fujita berklee press rittor music and hal leonard accelerate your guitar playing - exercises and tips to make you better - faster","take your playing to the next level as tomo fujita shares his proven method for improving the essential skills required to play with other musicians and to freely express yourself on the guitar. this dvd includes easy-to-understand exercises and ...",,18.5
"http://www.google.com/base/feeds/snippets/4783370532123880956","instant home design 3.0","from windows to walls; railings to roofs now you can design the home of your dreams with a few clicks of the mouse and the powerful user-friendly tech tools exclusive to instant home design 3.0 on cd-rom. developed especially for the at-home user ...",,15.9
"http://www.google.com/base/feeds/snippets/10008484121273338467","hallmark blank greeting cards half-fold matte premium 20 count (2050xf)","hallmark blank greeting cards half-fold matte premium 20 count brand: nova development mpn: 2050xf variant name: hallmark blank greeting cards half-fold matte premium 20 count",,14.39
"http://www.google.com/base/feeds/snippets/18354430457145981051","topics entertainment 80542 instant immersion french 2.0 781735805428","topics entertainment 80542 instant immersion french 2.0 781735805428",,18.2
"http://www.google.com/base/feeds/snippets/18384136689746651786","mom standard ops mgmt lic 2005 english mlp 5 oml","mom standard ops mgmt lic 2005 english mlp 5 oml",,889.99
"http://www.google.com/base/feeds/snippets/6990565128537638388","math success deluxe 2006","covers 13 subjects and includes 8 cd-roms ages 10 & up grades 4-12 includes addition subtraction multiplication division and forty-nine pre-algebra topics including fractions and decimals ratios and proportions radicals the metric system and ...",,12.9
"http://www.google.com/base/feeds/snippets/18384557845547191313","east west bosendorfer 290","the pristine bosendorfer 290 piano library has finally captured all of the beauty of this piano. up to 16 velocity layers true release samples true re-pedalling and two different microphone positions (close and ambient) for ultimate ambience ...",,175.97
"http://www.google.com/base/feeds/snippets/16621550764866327052","cisco security server agent (windows and solaris) 100-agent bundle","with the addition of cisco security agent endpoint security software cisco offers its customers the most comprehensive network security threat protection portfolio for securing large corporate networks.",,64821.43
"http://www.google.com/base/feeds/snippets/5363123129666342202","canopus let's edit - video editing software - win consumer video editing software","let's edit - realtime video editing software with movie-style effects - win canopus let's edit is fast and easy-to-use video editing software with movie-style effects. breakthrough realtime operation dramatically speeds up the editing process as ...",,99.95
"http://www.google.com/base/feeds/snippets/12835181529749808477","qb pos 6.0 pro multi store sw","qb pos 6.0 pro multistore retail mngmt software. has all the features in basic plus the ability to manage up to ten stores from a single office.","intuit",1054.99
"http://www.google.com/base/feeds/snippets/392494394952738157","the printshop pro publisher v22 deluxe dvd-rom","overview create professional projects with all the tools you need in one complete package! this powerful version of the print shop deluxe is loaded with all of your favorite features and even more valuable tools and programs than ever before. ...",,69.9
"http://www.google.com/base/feeds/snippets/16012614980599950455","microsoft(r) excel 2007","microsoft excel 2007 is a powerful tool to create and format spreadsheets and analyze and share information. it offers a new improved user interface to let you easily create and format spreadsheets and charts in fewer clicks.this new version of ...",,109.99
"http://www.google.com/base/feeds/snippets/18395632346791388859","eidos interactive 40022 tomb raider: legend ds 788687400220","eidos interactive 40022 tomb raider: legend ds 788687400220",,19.8
"http://www.google.com/base/feeds/snippets/18369825056478487049","aspyr media 10900 star wars battlefront mac","battle in more than 12 environments across 10 diverse planets from the classic trilogy and clone wars eras including: hoth endor tatooine kamino and geonosis. star wars battlefront is an action/shooter game that gives fans and gamers the ...","aspyr media",39.99
"http://www.google.com/base/feeds/snippets/18400163697429940544","oem internet security suite 2007 3-user single pack","total internet protection",,32.85
"http://www.google.com/base/feeds/snippets/6856336028258284106","national geographic: forces of nature","from lighting to locusts fires to floods increase your understanding of the planet's raw power with forces of nature on cd-rom. packed with a wealth of interactive multimedia features this software program is specifically designed to enlighten ...",,12.9
"http://www.google.com/base/feeds/snippets/7117788517647646539","jumpstart phonics (jc)","welcome to camp readalot!",,9.9
"http://www.google.com/base/feeds/snippets/17242822440574356561","diana ross the supremes yamaha the best of diana ross & the supremes - smart pianosoft","this innovative software series enables your disklavier mark iii piano to perform with the world's most popular cds! using yamaha's pianosmart technology this companion diskette will magically empower your disklavier mark iii to accompany the ...",,14.86
"http://www.google.com/base/feeds/snippets/18387344743770716829","emedia rock guitar method (win 95 98 me nt 2000 xp/mac 8.0)","the emedia rock guitar method cd-rom makes learning fun and easy with over 100 audio and video-enhanced guitar lessons. the innovative teaching style presents rocksongs chords riffs and gear tips in an excitingfast-paced learning format that ...",,39.15
"http://www.google.com/base/feeds/snippets/5310740648374994867","aquaminds notetaker","content creation and editing tools multi-level outline processor w/custom ruler controls (single entry or multi-line capability) multi-level reorganizing controls (by entry level outline level page level and section level) rich text editing (font ...",,62.99
"http://www.google.com/base/feeds/snippets/18418631443367666576","csdc x3mac x3: reunion - virtual programming ltd. mac 10.4 or later ub","x : reunion continues to lead the way in offering players the ultimate open ended game play experience backed by an addictive storyline and intense combat/trading action. utilising the 'x reality' engine x pushes the graphical boundary to movie ...","csdc",42.6
"http://www.google.com/base/feeds/snippets/18444171148464728826","atari 26162 crusader kings mb","crusader kings mbmodel- 26162vendor- atarifeatures- crusader kings mini box crusader kings is a strategy game based on the award-winning and highly successful europa universalis engine. it focuses on the feudal kingdoms of medieval europe in the ...",,21.99
"http://www.google.com/base/feeds/snippets/16407653863068941558","drive washer 2005","overview do you need to permanently remove all the data from your hard drive? if you are selling donating giving away or disposing of your computer you are vulnerable to identity theft. even if you are simply reassigning your computer to another ...",,24.99
"http://www.google.com/base/feeds/snippets/321181551780335576","topics presents: human body","from brain activity to muscular movement circulatory function to the skeletal system this award-winning suite includes 5 cd-roms that provide a complete guide tutorial and reference source on human anatomy and physiology. features the human 3d; ...",,15.9
"http://www.google.com/base/feeds/snippets/18439030063794622523","hewlett packard 302127-b21 prol essentials rdp v1.x 1u flex lic min qty 5","prol essentials rdp v1.x 1u flex lic min qty 5",,119.73
"http://www.google.com/base/feeds/snippets/18388829675891326365","sat act & psat 2007 platinum","kaplan sat act and psat 2007 platinum for mac and windows. includes 5 dvds. features include: over 2700 test questions complete score analysis & performance feedback interactive lessons exam strategies & hints and includes prep for the new sat ...",,29.85
"http://www.google.com/base/feeds/snippets/18441110047404795849","the beginners bible: noah's ark activity center: activity center",,,9.95
"http://www.google.com/base/feeds/snippets/18424247759201075212","emedia eg03014 bass method os x","features step-by-step lessons using full-motion video and over 200 songs/exercises. includes songs by dylan and others features step-by-step lessons using full-motion video and over 200 songs/exercises. includes songs by dylan and others.system ...","emedia",53.99
"http://www.google.com/base/feeds/snippets/18438098517069192631","adobe 42050142 acrobat distiller 6 lnx ret cd u/l lnx","acrobat distiller 6 lnx ret cd u/l lnx",,14967.47
"http://www.google.com/base/feeds/snippets/2622452102774676117","kids power fun for girls","music mermaids and madcap adventures four big titles mean big fun for girls. freddi fish 4 the case of the hogfish rustlers of briny gulch: the captivating game of underwater wrangling and reasoning. lilo and stitch: trouble in paradise: lets ...",,15.9
"http://www.google.com/base/feeds/snippets/9755705822363275907","autodesk combustion 4.0 compositing software - win compositing software","combustion 4.0 professional compositing software - win autodesk combustion 4 software is an all-in-one professional compositing application designed to meet the needs of the world's most demanding artists. with its easy-to-use interface ...",,889
"http://www.google.com/base/feeds/snippets/18393736281334607132","borland hdb0006wwcs180 upg delphi 2006 prof nmd f/del v3 2005 pro cd","upg delphi 2006 prof nmd f/del v3 2005 pro cd",,453.71
"http://www.google.com/base/feeds/snippets/18435954901092427938","procurve vpn client software unlimited client licenses","procurve solutions may not only save you money in the most obvious way (they're often substantially less expensive than competitor offerings) they may also save you money in a number of not-so-obvious ways. because procurve solutions are easy to ...",,2598.96
"http://www.google.com/base/feeds/snippets/18435517580056006507","pantone gps206 - reference library","pantone gps206 : pantone product reference library. replaces gps203. a perfect tool for desgin firms print shops corporate communications or anyone who requires a complete source for graphic color choices. *****direct ship only.********* no returns ...",,907.97
"http://www.google.com/base/feeds/snippets/14947336532996914506","steinberg wavelab studio 6 audio editing software - competitive crossgrade music production software","wavelab studio 6 - audio editing and mastering suite software for windows 2000/xp - competitive crossgrade wavelab studio 6 from steinberg is an audio editor and mastering suite software package that is based on the same sample accurate 32-bit audio ...",,199.95
"http://www.google.com/base/feeds/snippets/6195321262763979528","national geographic redshift planetarium","don't just wish upon the stars begin a fascinating hobby studying them along with comets asteroids planets and spacecraft with the help of redshift planetarium on cd-rom. hailed as the world leader in astronomy software redshift is the ...",,17.9
"http://www.google.com/base/feeds/snippets/10330893806550846255","quicken 2007 deluxe win cd","quicken 2007 deluxe win cd $20 end-user mail-in-rebate in the box from product launch thru november 30 2006.","intuit",57.99
"http://www.google.com/base/feeds/snippets/10911853136488554482","imsi turbocad designer 11","lets even the most novice computer user design like a pro. use the interactive tutorials and start creating impressive 2d sketches and precision technical drawings and more. whether your a beginner casual designer or a design enthusiast this ...",,12.9
"http://www.google.com/base/feeds/snippets/17107095043113552641","various artists view video cuba mia - portrait of an all-woman orchestra","this powerful documentary introduces the camerata romeu a rare group of ten extraordinarily talented musicians and a woman conductor who are among the most popular musical groups in cuba and with them a cross-section of stunning cuban and latin ...",,14.86
"http://www.google.com/base/feeds/snippets/5968511357343083164","web shop platinum","now creating an e-commerce web site has never been easier! maximize your business potential with the leading e-commerce solution. unlike any other program available on the market. everything you need in an all-in-one product. make your web design ...",,36.9
"http://www.google.com/base/feeds/snippets/11538958500164120645","abacus software s552 fs fighter pilot for fs2004 and fs2002","as you already know our first military aircraft collector's edition is one of our finest collections and has sold very well for the national chains. as you already know our first military aircraft collector's edition is one of our finest ...","abacus software",28.99
"http://www.google.com/base/feeds/snippets/18424334149556003404","destineer inc 10307 - age of mythology (mac 8.6-9.x (classic) x v10.1 or higher)","destineer inc 10307 : age of mythology a game that transports players to a time when heroes did battle with monsters of legend and the gods intervened in the affairs of mortal men. taking on the role of one of nine ancient civilizations players ...",,17.97
"http://www.google.com/base/feeds/snippets/10500380486679990055","the printshop v22 deluxe","overview create professional projects with all the tools you need in one complete package! this powerful version of the print shop deluxe is loaded with all of your favorite features and even more valuable tools and programs than ever before. ...",,29.9
"http://www.google.com/base/feeds/snippets/18422266773656246362","total training for adobe creative suite 3 design premium","the adobe design premium bundle is a collection of tools geared for creative professionals that work in both print and web mediums. while similar to the web premium bundle this video series also includes training on indesign cs3. let total training ...",,279.95
"http://www.google.com/base/feeds/snippets/15883771067913561390","middle school math & science","overview your children will learn how to apply the concepts step by step with easy-to-follow examples. lay the foundation for math and science success. turn even the most difficult subjects into achievement opportunities with expert instruction ...",,12.9
"http://www.google.com/base/feeds/snippets/18441188461196475272","sage (ptree) - vernfp2007rt - premium accounting for nonprofits 2007","if you're like most nonprofit organizations you're constantly striving to maximize each and every dollar of your annual operating budget. peachtree premium accounting for nonprofits 2007 is the affordable easy to use accounting solution that pro",,590.35
"http://www.google.com/base/feeds/snippets/18389952572089446651","computer associates babwbr1151s05 bab r11.5 sp1 dro win m/l cd","bab r11.5 sp1 dro win m/l cd",,431.16
"http://www.google.com/base/feeds/snippets/18403148885652932189","fluke networks intair-lap - interpretair wlan survey - complete product - network connectivity/management - 1 user(s) - complete product - standard - pc- free shipping","fluke networks intair-lap : interpretair provides wireless lan installers and network professionals with the vision they need to plan deploy verify and document their 802.11a/b/g wlan networks. interpretair is a wireless site survey tool and much ...",,3277.97
"http://www.google.com/base/feeds/snippets/17149576701498164512","emedia music corp emedia piano & keyboard method","emedia piano and keyboard method cd-rom offers everything you need to learn how to play. over 300 step-by-step lessons start from basics such as hand position rhythm and playing on black keys and move on to music notation sight reading scales ...",,49.21
"http://www.google.com/base/feeds/snippets/18405362244680246986","microsoft r39-00292 open win svr 2003 ext conn","open win svr 2003 ext conn",,1863.78
"http://www.google.com/base/feeds/snippets/5032391174084349054","media made easy volume 3","this is the best collection of media based products on the market. create edit record remix restore capture burn present. media made easy does it all. powerful and easy to use media made easy contains 8 full programs from some of the biggest ...",,24.9
"http://www.google.com/base/feeds/snippets/17651109278239417595","various artists hudson music classic drum solos and drum battles - volume 2 - vhs video","this follow-up to classic drum solos and drum battles (video 00320249 dvd 00320289) features 15 thunderous drum solos ? many never before released on home video ? from legends like buddy rich lionel hampton gene krupa papa jo jones",,18.5
"http://www.google.com/base/feeds/snippets/9687887699930800156","sonicwall gms 1000 upgrade","sonicwall global management system (sonicwall gms) enables distributed enterprises and service providers to manage and monitor thousands of sonicwall internet security appliances from a central location with a powerful flexible and intuitive ...",,63074.12
"http://www.google.com/base/feeds/snippets/18434733520229761009","paper art volume 2: gift wrapping","how many times have you heard that it's the thought that counts? this is especially true when it comes to gifts-even a simple gift thoughtfully presented can bring special joy to the recipient as well as to the giver. this cd is a beautiful ...",,6.95
"http://www.google.com/base/feeds/snippets/18424464601572004274","passwords plus ( v. 1.0 ) - complete package","passwords plus - ( v. 1.0 ) - complete package - 1 user - win palm os - 128-bit",,28.5
"http://www.google.com/base/feeds/snippets/18415197771734313133","adobe 38040450 - dreamweaver cs3 - complete product - web development - 1 user - complete product - academic - universal english - mac intel-based mac","adobe 38040450 : quickly and easily design develop and maintain websites and web applications - from start to finish - with adobe dreamweaver cs3 software. built for both designers and developers dreamweaver cs3 offers the choice of working in an ...",,182.97
"http://www.google.com/base/feeds/snippets/18377982787934617712","nuance communications inc. - m009a-l00-4.0 - pdf create v4 english","pdf create! 4 enables users to create pdf documents that are compact and easy to e-mail are universally viewable and print just as they would in the original application. it also includes all of the advanced features you need including ...",,46.42
"http://www.google.com/base/feeds/snippets/18100341066456401733","encore software 10282 - sharks 2.0 (win 95 98 me 2000 xp/mac 10.1 or higher)","encore software 10282 : only the developers of the 1 best-selling marine aquarium can bring the ultra-realistic experience of sharks: terrors of the deep. system requirements: windows 98 98se me 2000 or xp (home or professional). a ...",,18.97
"http://www.google.com/base/feeds/snippets/11618158047568311763","clipart & more 250000 (jc)","top-quality royalty-free images use these royalty-free images in any project advertising brochures newsletters postcards craft projects labels posters with any print publishing program! over 25000 images on cd-rom 225000 web images online ...",,9.9
"http://www.google.com/base/feeds/snippets/18403866794415896226","instant immersion japanese (audio book) (audio book)","meetings in mito? holiday in hakone?from kobe to kyoto now you can join the conversation with instant immersion japanese for travelers the dynamic audio language learning system on 8 compact discs. providing effective progressive instruction in ...",,19.95
"http://www.google.com/base/feeds/snippets/4923451909983851979","i copydvds 2 professional edition","the 1 selling dvd backup solution - bar none! create perfect dvd movie copies. create backups of any dvd movie. burns dvd movies from dvd to dvd. new feature: now includes burn suite 2005 new feature:capture edit and author dvd video new feature: ...",,27.9
"http://www.google.com/base/feeds/snippets/12963325865230025804","xl-5130 - sewing machine","xl-5130 - sewing machine",,129.95
"http://www.google.com/base/feeds/snippets/10684672402205616674","statistical methods in software engineering: reliability and risk 9780387988238","this book establishes a framework for dealing with uncertainties in software engineering and for using quantitative measures for decision making in this context. it brings in perspective the large body of work having statistical content that is ...",,99
"http://www.google.com/base/feeds/snippets/18441480711193821750","clickart 950000 - premier image pack (dvd-rom)","massive collection of images & fonts for all your design needs ondvd-rom!product informationinspire your creativity and perfect any creative project with thousands ofworld-class images in virtually every style. plus clickart 950000 makes iteasy for ...",,48.95
"http://www.google.com/base/feeds/snippets/18413484739795948632","absolute software - lfl-n2-48 - computrace lojack for laptops - 4 year license","computrace lojack for laptops is a software-enabled recovery service that allows law enforcement to recover stolen laptops. if your laptop is stolen and isn't recovered within 30 days we will refund your purchase of lojack for laptops.",,105.68
"http://www.google.com/base/feeds/snippets/18152695793777845265","personal imagemanager","overview whether you want to email add captions convert to other formats highlight specific details or just organize your photos. personal imagemanager is the tool for you! quick complete and easy-to-use its a must-have for anyone that uses ...",,22.9
"http://www.google.com/base/feeds/snippets/18431790997623472871","disney learning 1st-2nd grade win","disney learning 1st & 2nd features an all-star cast of characters including buzz lightyear mickey mouse and aladdin. in this great product kids can learn fundamental skills to help them succeed and excel in 1st and 2nd grade. additionally these ...",,13.61
"http://www.google.com/base/feeds/snippets/18422327928504968692","sony online entertainment inc 41032 everquest: titanium win 2000 xp","everquest: titanium (win 2000 xp)","sony online entertainment inc",23.09
"http://www.google.com/base/feeds/snippets/16917437492135092265","nc interactive inc guild wars nightfall","when a corrupt ruler summons the power of an outcast god and infects the land with a creeping darkness it will take a band of heroes to save elona. guild wars nightfall is the roleplaying game gamers have been waiting for ? an intimate heroic ...",,48.27
"http://www.google.com/base/feeds/snippets/18445465727364031756","business objects crystal reports xi","crystal reports gives you flexible and unconstrained control over data connectivity so you can satisfy end-user information requirements.",,459.99
"http://www.google.com/base/feeds/snippets/18417819850768172148","warlords iii - darklords rising","third in this successful series of turn-based strategy games set in a fantasy universe. this game is premised on a conflict between the selentine empire and a mysterious alliance. many new spells units and hero-types have been added since the last ...",,11.95
"http://www.google.com/base/feeds/snippets/9489728552695383239","premiere pro cs3 mac upgrade","adobe premiere pro cs3 mac upgrade from premiere pro or encore.",,320.25
"http://www.google.com/base/feeds/snippets/11430069725574750424","serverlock manager - 100 servers","in order to confidently conduct e-commerce your business assets must be absolutely secure. the watchguard serverlock system assures the integrity of your inter-networking operations by protecting your operating system and mission-critical data from ...",,56543.88
"http://www.google.com/base/feeds/snippets/18409822956112890125","destineer inc 10316 - destineer atari arcade classics - action/adventure - mac","destineer inc 10316 : this value-packed collection features mac os x versions of three atari arcade classics! breakout: blast through pyramids castle walls barnyard obstacles and much more in this all-new edition of the arcade classic. use your ...",,17.97
"http://www.google.com/base/feeds/snippets/9858798962478264497","f-secure internet security 2007 - 3 pcs (global marketing partners)","f-secure internet security 2007 - 3 pcs brand: global marketing partners mpn: global marketing partners variant name: f-secure internet security 2007 - 3 pcs",,63.35
"http://www.google.com/base/feeds/snippets/18427191929555331953","internet security suite 2007 home protection pack xl box","total internet protection",,61.06
"http://www.google.com/base/feeds/snippets/8401993747038150345","millies math house","develop fundamental early math skills with millie and friends",,9.9
"http://www.google.com/base/feeds/snippets/3077454195131808819","world book 2006","overview with over 87 years of experience and a global reputation for unsurpassed excellence world book 2006 is firmly established as the premier reference source for students parents teachers and librarians. now the 1 name in reliability and ...",,17.9
"http://www.google.com/base/feeds/snippets/13695802285127612231","adobe flash cs3 professional - complete package - 1 user - academic - cd - windows","flash cs3 professional software is the most advanced authoring environment for creating rich interactive content for digital web and mobile platforms.",,229
"http://www.google.com/base/feeds/snippets/18428018889032699615","viva media llc 00257 - my sim aquarium - win 2000 xp vista","viva media llc 00257 : my sim aquarium is a virtual pet game designed for players who love fish and aquatic creatures. this simulation game turns your computer into a virtual environment for your pet fish to live in with you as their keeper. as with ...",,19.97
"http://www.google.com/base/feeds/snippets/17010841797296818807","movies on psp","xoom movies on psp enables you to quickly convert your dvds or movie files into a format your psp can read and understand. get the best possible picture and audio quality for 10 different input formats: dvd (s)vcd divx avi wmv real mpeg quicktime ...",,15.9
"http://www.google.com/base/feeds/snippets/6054765746746674194","webroot software inc 31250 - spy sweeper spanish - win 2000 xp","webroot software inc 31250 : a sypware infection is no longer just a matter of enduring annoying pop-ups ads a chaning homepage or a slow-performing computer. today s spyware is far more harmful and places personal information privacy and ...",,25.97
"http://www.google.com/base/feeds/snippets/18352758014310675462","symantec media 11105095","client security 3.1 en media kit","symantec media",19.2
